<keymap version="1" name="my-keymap" parent="$default">
  <action id="$Copy">
    <keyboard-shortcut first-keystroke="ctrl c" />
  </action>
  <action id="$Cut">
    <keyboard-shortcut first-keystroke="ctrl x" />
  </action>
  <action id="$Paste">
    <keyboard-shortcut first-keystroke="ctrl v" />
  </action>
  <action id="$Redo">
    <keyboard-shortcut first-keystroke="ctrl y" />
  </action>
  <action id="$Undo">
    <keyboard-shortcut first-keystroke="ctrl z" />
  </action>
  <action id="ActivateBookmarksToolWindow">
    <keyboard-shortcut first-keystroke="alt b" />
  </action>
  <action id="ActivateCommitToolWindow">
    <keyboard-shortcut first-keystroke="alt c" />
  </action>
  <action id="ActivateDebugToolWindow">
    <keyboard-shortcut first-keystroke="alt d" />
  </action>
  <action id="ActivateFindToolWindow">
    <keyboard-shortcut first-keystroke="alt f" />
  </action>
  <action id="ActivateNotificationsToolWindow">
    <keyboard-shortcut first-keystroke="alt n" />
  </action>
  <action id="ActivateProblemsViewToolWindow">
    <keyboard-shortcut first-keystroke="alt m" />
  </action>
  <action id="ActivateProjectToolWindow">
    <keyboard-shortcut first-keystroke="alt j" />
  </action>
  <action id="ActivateRunToolWindow">
    <keyboard-shortcut first-keystroke="alt u" />
  </action>
  <action id="ActivateServicesToolWindow">
    <keyboard-shortcut first-keystroke="alt v" />
  </action>
  <action id="ActivateStructureToolWindow">
    <keyboard-shortcut first-keystroke="alt e" />
  </action>
  <action id="ActivateTODOToolWindow">
    <keyboard-shortcut first-keystroke="alt o" />
  </action>
  <action id="ActivateTerminalToolWindow">
    <keyboard-shortcut first-keystroke="alt t" />
  </action>
  <action id="ActivateTypeScriptToolWindow">
    <keyboard-shortcut first-keystroke="alt y" />
  </action>
  <action id="ActivateVersionControlToolWindow">
    <keyboard-shortcut first-keystroke="alt g" />
  </action>
  <action id="Arrangement.Alias.Rule.Remove" />
  <action id="Arrangement.Rule.Edit" />
  <action id="Arrangement.Rule.Match.Condition.Move.Down" />
  <action id="Arrangement.Rule.Match.Condition.Move.Up" />
  <action id="Arrangement.Rule.Remove" />
  <action id="AutoIndentLines" />
  <action id="Back" />
  <action id="BookmarksView.Delete" />
  <action id="BookmarksView.Rename" />
  <action id="BraceOrQuoteOut" />
  <action id="CWMHostShowPopupAction" />
  <action id="CallHierarchy" />
  <action id="CallHierarchy.BaseOnThisMethod" />
  <action id="ChangeSignature" />
  <action id="ChangesView.AddUnversioned" />
  <action id="ChangesView.GroupBy.Directory" />
  <action id="ChangesView.Move" />
  <action id="ChangesView.Rename" />
  <action id="ChangesView.Revert" />
  <action id="ChangesView.SetDefault" />
  <action id="ChangesView.ShelveSilently" />
  <action id="ChangesView.ToggleCommitUi" />
  <action id="ChangesView.UnshelveSilently" />
  <action id="CheckinProject" />
  <action id="ChooseDebugConfiguration" />
  <action id="ChooseRunConfiguration" />
  <action id="ClassNameCompletion" />
  <action id="ClickLink" />
  <action id="CloseActiveTab" />
  <action id="CloseAllEditors">
    <keyboard-shortcut first-keystroke="shift f4" />
  </action>
  <action id="CloseAllEditorsButActive">
    <keyboard-shortcut first-keystroke="shift ctrl f4" />
  </action>
  <action id="CloseGotItTooltip" />
  <action id="CloseProject">
    <keyboard-shortcut first-keystroke="f4" second-keystroke="f4" />
  </action>
  <action id="CodeInspection.OnEditor" />
  <action id="CollapseAll" />
  <action id="CollapseAllRegions" />
  <action id="CollapseBlock" />
  <action id="CollapseExpandableComponent" />
  <action id="CollapseRegion" />
  <action id="CollapseRegionRecursively" />
  <action id="CollapseSelection" />
  <action id="CollapseTreeNode" />
  <action id="CollapsiblePanel-toggle" />
  <action id="CommentByBlockComment">
    <keyboard-shortcut first-keystroke="ctrl k" second-keystroke="ctrl b" />
  </action>
  <action id="CommentByLineComment">
    <keyboard-shortcut first-keystroke="ctrl k" second-keystroke="ctrl c" />
  </action>
  <action id="CompareDirs" />
  <action id="CompareTwoFiles" />
  <action id="Console.Execute" />
  <action id="Console.Execute.Multiline" />
  <action id="Console.History.Browse" />
  <action id="Console.Open" />
  <action id="Console.TableResult.CloneColumn" />
  <action id="Console.TableResult.ColumnSortReset" />
  <action id="Console.TableResult.ColumnVisibility" />
  <action id="Console.TableResult.CompareCells" />
  <action id="Console.TableResult.DeleteColumns" />
  <action id="Console.TableResult.EditValue" />
  <action id="Console.TableResult.EditValueMaximized" />
  <action id="Console.TableResult.FindInGrid" />
  <action id="Console.TableResult.NextPage" />
  <action id="Console.TableResult.PreviousPage" />
  <action id="Console.TableResult.Reload" />
  <action id="ContextHelp" />
  <action id="CopyElement" />
  <action id="CopyPaths" />
  <action id="CopyReference" />
  <action id="CurrentLeadUnfollowAction" />
  <action id="Debug">
    <keyboard-shortcut first-keystroke="f5" />
  </action>
  <action id="DecrementWindowHeight" />
  <action id="DecrementWindowWidth" />
  <action id="Diagram.DeleteSelection" />
  <action id="Diagram.DeselectAll" />
  <action id="Diagram.SelectAll" />
  <action id="Diff.ApplyLeftSide" />
  <action id="Diff.ApplyRightSide" />
  <action id="Diff.FocusOppositePane" />
  <action id="Diff.NextChange" />
  <action id="Diff.PrevChange" />
  <action id="Diff.ShowDiff" />
  <action id="Diff.ShowSettingsPopup" />
  <action id="DirDiffMenu.SynchronizeDiff" />
  <action id="DirDiffMenu.SynchronizeDiff.All" />
  <action id="Docker.RemoteServers.ConnectServer" />
  <action id="Docker.RemoteServers.StartComposeService" />
  <action id="Docker.RemoteServers.StopComposeApp" />
  <action id="Docker.RemoteServers.StopComposeService" />
  <action id="Docker.RemoteServers.StopContainer" />
  <action id="Docker.RemoteServers.StopDeploy" />
  <action id="Documentation.ViewExternal" />
  <action id="DomCollectionControl.Add" />
  <action id="DomCollectionControl.Edit" />
  <action id="DomCollectionControl.Remove" />
  <action id="DumpLookupElementWeights" />
  <action id="DumpMLCompletionFeatures" />
  <action id="DuplicatesForm.SendToLeft" />
  <action id="DuplicatesForm.SendToRight" />
  <action id="EditBreakpoint" />
  <action id="EditSource" />
  <action id="EditSourceInNewWindow" />
  <action id="Editor Delete">
    <keyboard-shortcut first-keystroke="delete" />
  </action>
  <action id="Editor Redo">
    <keyboard-shortcut first-keystroke="ctrl y" />
  </action>
  <action id="EditorAddCaretPerSelectedLine" />
  <action id="EditorAddOrRemoveCaret" />
  <action id="EditorAddRectangularSelectionOnMouseDrag" />
  <action id="EditorBackSpace">
    <keyboard-shortcut first-keystroke="back_space" />
  </action>
  <action id="EditorChooseLookupItem" />
  <action id="EditorChooseLookupItemDot" />
  <action id="EditorCodeBlockEnd" />
  <action id="EditorCodeBlockEndWithSelection" />
  <action id="EditorCodeBlockStart" />
  <action id="EditorCodeBlockStartWithSelection" />
  <action id="EditorCompleteStatement" />
  <action id="EditorContextInfo" />
  <action id="EditorCopy">
    <keyboard-shortcut first-keystroke="ctrl c" />
  </action>
  <action id="EditorCreateRectangularSelection" />
  <action id="EditorCreateRectangularSelectionOnMouseDrag" />
  <action id="EditorCut">
    <keyboard-shortcut first-keystroke="ctrl x" />
  </action>
  <action id="EditorDecreaseFontSizeGlobal" />
  <action id="EditorDeleteLine" />
  <action id="EditorDeleteToWordEnd" />
  <action id="EditorDeleteToWordStart" />
  <action id="EditorDownWithSelection" />
  <action id="EditorDuplicate" />
  <action id="EditorFocusGutter" />
  <action id="EditorIncreaseFontSizeGlobal" />
  <action id="EditorJoinLines" />
  <action id="EditorLeftWithSelection" />
  <action id="EditorLineEndWithSelection" />
  <action id="EditorLineStartWithSelection" />
  <action id="EditorLookupDown" />
  <action id="EditorLookupUp" />
  <action id="EditorMatchBrace" />
  <action id="EditorMoveToPageBottom" />
  <action id="EditorMoveToPageBottomWithSelection" />
  <action id="EditorMoveToPageTop" />
  <action id="EditorMoveToPageTopWithSelection" />
  <action id="EditorNextWord" />
  <action id="EditorNextWordWithSelection" />
  <action id="EditorPageDownWithSelection" />
  <action id="EditorPageUpWithSelection" />
  <action id="EditorPaste">
    <keyboard-shortcut first-keystroke="ctrl v" />
  </action>
  <action id="EditorPasteFromX11" />
  <action id="EditorPasteSimple" />
  <action id="EditorPreviousWord" />
  <action id="EditorPreviousWordWithSelection" />
  <action id="EditorRightWithSelection" />
  <action id="EditorScrollDown" />
  <action id="EditorScrollToCenter" />
  <action id="EditorScrollUp" />
  <action id="EditorSelectWord" />
  <action id="EditorShowGutterIconTooltip" />
  <action id="EditorSplitLine" />
  <action id="EditorStartNewLine" />
  <action id="EditorStartNewLineBefore" />
  <action id="EditorTextEnd" />
  <action id="EditorTextEndWithSelection" />
  <action id="EditorTextStart" />
  <action id="EditorTextStartWithSelection" />
  <action id="EditorToggleCase" />
  <action id="EditorToggleColumnMode" />
  <action id="EditorToggleInsertState" />
  <action id="EditorUnSelectWord" />
  <action id="EditorUnindentSelection" />
  <action id="EditorUpWithSelection" />
  <action id="EmmetNextEditPoint" />
  <action id="EmmetPreviousEditPoint" />
  <action id="EscUnfollowUserAction" />
  <action id="EvaluateExpression" />
  <action id="ExpandAll" />
  <action id="ExpandAllRegions" />
  <action id="ExpandAllToLevel1" />
  <action id="ExpandAllToLevel2" />
  <action id="ExpandAllToLevel3" />
  <action id="ExpandAllToLevel4" />
  <action id="ExpandAllToLevel5" />
  <action id="ExpandExpandableComponent" />
  <action id="ExpandRegion" />
  <action id="ExpandRegionRecursively" />
  <action id="ExpandToLevel1" />
  <action id="ExpandToLevel2" />
  <action id="ExpandToLevel3" />
  <action id="ExpandToLevel4" />
  <action id="ExpandToLevel5" />
  <action id="ExpandTreeNode" />
  <action id="ExportToTextFile" />
  <action id="ExpressionTypeInfo" />
  <action id="ExternalJavaDoc" />
  <action id="ExternalSystem.CollapseAll" />
  <action id="ExternalSystem.DetachProject" />
  <action id="ExternalSystem.ExpandAll" />
  <action id="ExternalSystem.OpenConfig" />
  <action id="ExternalSystem.ProjectRefreshAction" />
  <action id="ExtractMethod" />
  <action id="FileChooser.GotoDesktop" />
  <action id="FileChooser.GotoHome" />
  <action id="FileChooser.GotoProject" />
  <action id="FileChooser.NewFolder" />
  <action id="FileChooser.TogglePathBar" />
  <action id="FileChooserList.LevelUp" />
  <action id="FileChooserList.Root" />
  <action id="FileStructurePopup" />
  <action id="Find">
    <keyboard-shortcut first-keystroke="ctrl f" />
  </action>
  <action id="FindInPath" />
  <action id="FindNext" />
  <action id="FindPrevWordAtCaret" />
  <action id="FindPrevious" />
  <action id="FindUsages">
    <keyboard-shortcut first-keystroke="shift f12" />
  </action>
  <action id="FindUsagesInFile" />
  <action id="FindWordAtCaret" />
  <action id="ForceOthersToFollowAction" />
  <action id="ForceRefresh" />
  <action id="ForceRunToCursor" />
  <action id="ForceStepInto" />
  <action id="ForceStepOver" />
  <action id="Forward" />
  <action id="FullyExpandTreeNode" />
  <action id="Generate" />
  <action id="Git.Branches" />
  <action id="Git.Commit.And.Push.Executor" />
  <action id="Git.Commit.Stage" />
  <action id="Git.Log.Branches.Change.Branch.Filter" />
  <action id="Git.New.Branch.In.Log" />
  <action id="Git.Rename.Local.Branch" />
  <action id="Git.Reword.Commit" />
  <action id="Git.Stash.Drop" />
  <action id="GitNewBranchAction" />
  <action id="Github.PullRequest.Comments.Reload" />
  <action id="Github.PullRequest.Details.Reload" />
  <action id="Github.PullRequest.Diff.Comment.Create" />
  <action id="GotoAction" />
  <action id="GotoClass" />
  <action id="GotoCustomRegion" />
  <action id="GotoDeclaration">
    <keyboard-shortcut first-keystroke="f12" />
  </action>
  <action id="GotoFile" />
  <action id="GotoImplementation">
    <keyboard-shortcut first-keystroke="ctrl f12" />
  </action>
  <action id="GotoLine" />
  <action id="GotoNextError" />
  <action id="GotoPreviousError" />
  <action id="GotoRelated" />
  <action id="GotoRow" />
  <action id="GotoSuperMethod" />
  <action id="GotoSymbol" />
  <action id="GotoTest" />
  <action id="GotoTypeDeclaration" />
  <action id="GotoUrlAction" />
  <action id="Graph.ActualSize" />
  <action id="Graph.AlignNodes.Bottom" />
  <action id="Graph.AlignNodes.Center" />
  <action id="Graph.AlignNodes.Left" />
  <action id="Graph.AlignNodes.Middle" />
  <action id="Graph.AlignNodes.Right" />
  <action id="Graph.AlignNodes.Top" />
  <action id="Graph.ApplyCurrentLayout" />
  <action id="Graph.Delete" />
  <action id="Graph.DistributeNodes.Horizontally" />
  <action id="Graph.DistributeNodes.Vertically" />
  <action id="Graph.RouteEdges" />
  <action id="Graph.ZoomIn" />
  <action id="Graph.ZoomOut" />
  <action id="Hg.Commit.And.Push.Executor" />
  <action id="HideActiveWindow" />
  <action id="HideAllWindows" />
  <action id="HighlightUsagesInFile" />
  <action id="HippieBackwardCompletion" />
  <action id="HippieCompletion" />
  <action id="Images.EditExternally" />
  <action id="Images.Editor.ActualSize" />
  <action id="Images.Editor.ToggleGrid" />
  <action id="Images.Thumbnails.EnterAction" />
  <action id="Images.Thumbnails.Hide" />
  <action id="Images.Thumbnails.ToggleRecursive" />
  <action id="Images.Thumbnails.UpFolder" />
  <action id="ImplementMethods" />
  <action id="IncrementWindowHeight" />
  <action id="IncrementWindowWidth" />
  <action id="Inline" />
  <action id="InsertLiveTemplate" />
  <action id="IntroduceConstant" />
  <action id="IntroduceField" />
  <action id="IntroduceParameter" />
  <action id="IntroduceVariable" />
  <action id="JumpToLastChange" />
  <action id="JumpToLastWindow" />
  <action id="List-scrollDown" />
  <action id="List-scrollUp" />
  <action id="List-selectNextColumn" />
  <action id="List-selectNextRow" />
  <action id="List-selectPreviousColumn" />
  <action id="List-selectPreviousRow" />
  <action id="MainMenuButton.ShowMenu" />
  <action id="MaintenanceAction" />
  <action id="Markdown.Styling.CreateLink" />
  <action id="MaximizeToolWindow" />
  <action id="MethodDown" />
  <action id="MethodHierarchy" />
  <action id="MethodHierarchy.BaseOnThisMethod" />
  <action id="MethodUp" />
  <action id="Move" />
  <action id="MoveElementLeft" />
  <action id="MoveElementRight" />
  <action id="MoveLineDown" />
  <action id="MoveLineUp" />
  <action id="MoveStatementDown" />
  <action id="MoveStatementUp" />
  <action id="NewDir">
    <keyboard-shortcut first-keystroke="ctrl n" second-keystroke="d" />
  </action>
  <action id="NewElement" />
  <action id="NewElementSamePlace" />
  <action id="NewFile">
    <keyboard-shortcut first-keystroke="ctrl n" second-keystroke="f" />
  </action>
  <action id="NewProject">
    <keyboard-shortcut first-keystroke="ctrl n" second-keystroke="n" />
  </action>
  <action id="NewScratchFile" />
  <action id="NextDiff" />
  <action id="NextEditorTab" />
  <action id="NextOccurence" />
  <action id="NextProjectWindow" />
  <action id="NextTab">
    <keyboard-shortcut first-keystroke="alt l" />
  </action>
  <action id="NextTemplateVariable" />
  <action id="OpenFile">
    <keyboard-shortcut first-keystroke="ctrl o" />
  </action>
  <action id="OpenInRightSplit" />
  <action id="OptimizeImports" />
  <action id="OverrideMethods" />
  <action id="ParameterInfo" />
  <action id="PasteMultiple" />
  <action id="PopupHector" />
  <action id="PrevParameter" />
  <action id="PreviousDiff" />
  <action id="PreviousEditorTab" />
  <action id="PreviousOccurence" />
  <action id="PreviousProjectWindow" />
  <action id="PreviousTab">
    <keyboard-shortcut first-keystroke="alt h" />
  </action>
  <action id="PreviousTemplateVariable" />
  <action id="ProblemsView.CopyProblemDescription" />
  <action id="ProjectFromVersionControl">
    <keyboard-shortcut first-keystroke="ctrl n" second-keystroke="g" />
  </action>
  <action id="ProjectViewEditSource" />
  <action id="PublishGroup.UploadTo" />
  <action id="QuickActionPopup" />
  <action id="QuickChangeScheme" />
  <action id="QuickDocCopy" />
  <action id="QuickEvaluateExpression" />
  <action id="QuickImplementations" />
  <action id="QuickJavaDoc" />
  <action id="QuickPreview" />
  <action id="RecentChanges" />
  <action id="RecentFiles" />
  <action id="RecentLocations" />
  <action id="Refactorings.QuickListPopupAction" />
  <action id="ReformatCode">
    <keyboard-shortcut first-keystroke="ctrl k" second-keystroke="ctrl f" />
  </action>
  <action id="ReformatWithPrettierAction" />
  <action id="Refresh" />
  <action id="RemoteHostView.Rename" />
  <action id="RenameElement">
    <keyboard-shortcut first-keystroke="f2" />
  </action>
  <action id="Replace">
    <keyboard-shortcut first-keystroke="ctrl r" second-keystroke="ctrl r" />
  </action>
  <action id="ReplaceInPath" />
  <action id="Rerun">
    <keyboard-shortcut first-keystroke="alt f5" />
  </action>
  <action id="RerunTests" />
  <action id="ResizeToolWindowDown" />
  <action id="ResizeToolWindowLeft" />
  <action id="ResizeToolWindowRight" />
  <action id="ResizeToolWindowUp" />
  <action id="RestoreDefaultLayout" />
  <action id="Run">
    <keyboard-shortcut first-keystroke="ctrl f5" />
  </action>
  <action id="RunClass" />
  <action id="RunDashboard.EditConfiguration" />
  <action id="RunDashboard.Run" />
  <action id="RunDashboard.Stop" />
  <action id="RunDashboard.UngroupConfigurations" />
  <action id="RunInspection" />
  <action id="RunJsbtTask" />
  <action id="RunToCursor" />
  <action id="SafeDelete" />
  <action id="SearchEverywhere.NavigateToNextGroup" />
  <action id="SearchEverywhere.NavigateToPrevGroup" />
  <action id="SegmentedButton-left" />
  <action id="SegmentedButton-right" />
  <action id="SelectAllOccurrences" />
  <action id="SelectIn" />
  <action id="SelectNextOccurrence" />
  <action id="SelectVirtualTemplateElement" />
  <action id="SendEOF" />
  <action id="ServiceView.GroupByContributor" />
  <action id="ServiceView.GroupByServiceGroups" />
  <action id="ServiceView.JumpToServices" />
  <action id="ServiceView.ShowServices" />
  <action id="SetShortcutAction" />
  <action id="ShelveChanges.UnshelveWithDialog" />
  <action id="ShelvedChanges.Rename" />
  <action id="ShowBookmarks" />
  <action id="ShowContent" />
  <action id="ShowErrorDescription" />
  <action id="ShowExecutionPoint" />
  <action id="ShowFilePath" />
  <action id="ShowFilterPopup" />
  <action id="ShowNavBar" />
  <action id="ShowPopupMenu" />
  <action id="ShowReformatFileDialog">
    <keyboard-shortcut first-keystroke="ctrl k" second-keystroke="ctrl d" />
  </action>
  <action id="ShowSearchHistory" />
  <action id="ShowSettings">
    <keyboard-shortcut first-keystroke="ctrl comma" />
  </action>
  <action id="ShowSettingsAndFindUsages" />
  <action id="ShowTypeBookmarks" />
  <action id="ShowUmlDiagram" />
  <action id="ShowUmlDiagramPopup" />
  <action id="ShowUsages" />
  <action id="SingleUserFollowAction" />
  <action id="SmartStepInto" />
  <action id="SmartTypeCompletion" />
  <action id="Space.Review.CreateDiffComment" />
  <action id="SplitChooser.SplitCenter" />
  <action id="StepInto">
    <keyboard-shortcut first-keystroke="f11" />
  </action>
  <action id="StepOut">
    <keyboard-shortcut first-keystroke="shift f11" />
  </action>
  <action id="StepOver">
    <keyboard-shortcut first-keystroke="f10" />
  </action>
  <action id="Stop">
    <keyboard-shortcut first-keystroke="shift f5" />
  </action>
  <action id="StopBackgroundProcesses" />
  <action id="SurroundWith" />
  <action id="SurroundWithLiveTemplate" />
  <action id="Svn.RefreshWorkingCopies" />
  <action id="SwitchCoverage" />
  <action id="Switcher" />
  <action id="SwitcherIterateItems" />
  <action id="SwitcherRecentEditedChangedToggleCheckBox" />
  <action id="Synchronize" />
  <action id="Table-scrollDownChangeSelection" />
  <action id="Table-scrollUpChangeSelection" />
  <action id="Table-selectNextColumn" />
  <action id="Table-selectNextRow" />
  <action id="Table-selectPreviousColumn" />
  <action id="Table-selectPreviousRow" />
  <action id="Table-startEditing" />
  <action id="Terminal.CopySelectedText">
    <keyboard-shortcut first-keystroke="ctrl c" />
  </action>
  <action id="Terminal.Paste">
    <keyboard-shortcut first-keystroke="ctrl v" />
  </action>
  <action id="Terminal.SmartCommandExecution.Debug" />
  <action id="Terminal.SmartCommandExecution.Run" />
  <action id="TextSearchAction" />
  <action id="TodoViewGroupByFlattenPackage" />
  <action id="TodoViewGroupByShowModules" />
  <action id="TodoViewGroupByShowPackages" />
  <action id="ToggleBookmark" />
  <action id="ToggleBookmarkWithMnemonic" />
  <action id="ToggleFindInSelection" />
  <action id="ToggleLineBreakpoint" />
  <action id="ToggleRenderedDocPresentation" />
  <action id="ToggleTemporaryLineBreakpoint" />
  <action id="Tree-scrollDownChangeSelection" />
  <action id="Tree-scrollUpChangeSelection" />
  <action id="Tree-selectChild" />
  <action id="Tree-selectNext" />
  <action id="Tree-selectParent" />
  <action id="Tree-selectPrevious" />
  <action id="Tree-startEditing" />
  <action id="TypeHierarchy" />
  <action id="TypeHierarchyBase.BaseOnThisType" />
  <action id="UML.Find" />
  <action id="Uml.CollapseNodes" />
  <action id="Uml.ExpandNodes" />
  <action id="Uml.NodeIntentions" />
  <action id="UnselectPreviousOccurrence" />
  <action id="Unwrap" />
  <action id="UpdateRunningApplication">
    <keyboard-shortcut first-keystroke="alt f10" />
  </action>
  <action id="UsageFiltering.Imports" />
  <action id="UsageFiltering.ReadAccess" />
  <action id="UsageFiltering.WriteAccess" />
  <action id="UsageGrouping.Directory" />
  <action id="UsageGrouping.DirectoryStructure" />
  <action id="UsageGrouping.FileStructure" />
  <action id="UsageGrouping.FlattenModules" />
  <action id="UsageGrouping.Module" />
  <action id="UsageGrouping.UsageType" />
  <action id="UsageView.Exclude" />
  <action id="UsageView.Include" />
  <action id="UsageView.Remove" />
  <action id="UsageView.Rerun" />
  <action id="UsageView.ShowRecentFindUsages" />
  <action id="Vcs.EditSource" />
  <action id="Vcs.Log.FocusTextFilter" />
  <action id="Vcs.Log.GoToChild" />
  <action id="Vcs.Log.GoToParent" />
  <action id="Vcs.Log.GoToRef" />
  <action id="Vcs.Log.Refresh" />
  <action id="Vcs.Log.ShowTooltip" />
  <action id="Vcs.MoveChangedLinesToChangelist" />
  <action id="Vcs.Push" />
  <action id="Vcs.QuickListPopupAction" />
  <action id="Vcs.ReformatCommitMessage" />
  <action id="Vcs.RollbackChangedLines" />
  <action id="Vcs.Shelf.Drop" />
  <action id="Vcs.ShowMessageHistory" />
  <action id="Vcs.ToggleAmendCommitMode" />
  <action id="Vcs.UpdateProject" />
  <action id="VcsHistory.ShowAllAffected" />
  <action id="VcsShowNextChangeMarker" />
  <action id="VcsShowPrevChangeMarker" />
  <action id="ViewBreakpoints" />
  <action id="ViewSource" />
  <action id="WD.UploadCurrentRemoteFileAction" />
  <action id="WebOpenInAction" />
  <action id="WelcomeScreen.RemoveSelected" />
  <action id="XDebugger.AttachToProcess" />
  <action id="XDebugger.CopyValue" />
  <action id="XDebugger.JumpToSource" />
  <action id="XDebugger.JumpToTypeSource" />
  <action id="XDebugger.MoveWatchDown" />
  <action id="XDebugger.MoveWatchUp" />
  <action id="XDebugger.NewWatch" />
  <action id="XDebugger.RemoveWatch" />
  <action id="XDebugger.SetValue" />
  <action id="com.intellij.ide.actions.searcheverywhere.ml.actions.OpenFeaturesInScratchFileAction" />
  <action id="context.clear" />
  <action id="context.load" />
  <action id="context.save" />
  <action id="hg4idea.QDelete" />
  <action id="hg4idea.QFold" />
  <action id="hg4idea.QGotoFromPatches" />
  <action id="hg4idea.QPushAction" />
  <action id="openAssertEqualsDiff" />
  <action id="org.intellij.plugins.markdown.ui.actions.styling.InsertImageAction" />
  <action id="org.intellij.plugins.markdown.ui.actions.styling.ToggleBoldAction" />
  <action id="org.intellij.plugins.markdown.ui.actions.styling.ToggleCodeSpanAction" />
  <action id="org.intellij.plugins.markdown.ui.actions.styling.ToggleItalicAction" />
  <action id="org.intellij.plugins.markdown.ui.actions.styling.ToggleStrikethroughAction" />
  <action id="org.jetbrains.security.toolwindow.tree.actions.FindUsagesAction" />
  <action id="tasks.close" />
  <action id="tasks.goto" />
  <action id="tasks.open.in.browser" />
  <action id="tasks.switch" />
</keymap>